name,address,start_time,time_span,time_interval,end_time,floor,code,id,longitude,altitude,latitude,phone_model,android_version,device_brand,weather,1_sensor_value1,1_sensor_value2,1_sensor_value3,2_sensor_value1,2_sensor_value2,2_sensor_value3,3_sensor_value1,3_sensor_value2,3_sensor_value3,4_sensor_value1,4_sensor_value2,4_sensor_value3,5_sensor_value1,5_sensor_value2,5_sensor_value3,4_sensor_value1.1,4_sensor_value2.1,4_sensor_value3.1,5_sensor_value1.1,5_sensor_value2.1,5_sensor_value3.1,10_sensor_value1,10_sensor_value2,10_sensor_value3,11_sensor_value1,11_sensor_value2,11_sensor_value3,14_sensor_value1,14_sensor_value2,14_sensor_value3,15_sensor_value1,15_sensor_value2,15_sensor_value3,16_sensor_value1,16_sensor_value2,16_sensor_value3,17_sensor_value1,17_sensor_value2,17_sensor_value3,19_sensor_value1,19_sensor_value2,19_sensor_value3,20_sensor_value1,20_sensor_value2,20_sensor_value3,22_sensor_value1,22_sensor_value2,22_sensor_value3,27_sensor_value1,27_sensor_value2,27_sensor_value3,29_sensor_value1,29_sensor_value2,29_sensor_value3,30_sensor_value1,30_sensor_value2,30_sensor_value3,35_sensor_value1,35_sensor_value2,35_sensor_value3,33171008_sensor_value1,33171008_sensor_value2,33171008_sensor_value3,33171024_sensor_value1,33171024_sensor_value2,33171024_sensor_value3,33171028_sensor_value1,33171028_sensor_value2,33171028_sensor_value3,33171032_sensor_value1,33171032_sensor_value2,33171032_sensor_value3,33171034_sensor_value1,33171034_sensor_value2,33171034_sensor_value3,33171052_sensor_value1,33171052_sensor_value2,33171052_sensor_value3,65538_sensor_value1,65538_sensor_value2,65538_sensor_value3,65544_sensor_value1,65544_sensor_value2,65544_sensor_value3,6_sensor_value1,6_sensor_value2,6_sensor_value3,18_sensor_value1,18_sensor_value2,18_sensor_value3,23_sensor_value1,23_sensor_value2,23_sensor_value3,25_sensor_value1,25_sensor_value2,25_sensor_value3,88_sensor_value1,88_sensor_value2,88_sensor_value3,89_sensor_value1,89_sensor_value2,89_sensor_value3,90_sensor_value1,90_sensor_value2,90_sensor_value3,168_sensor_value1,168_sensor_value2,168_sensor_value3,169_sensor_value1,169_sensor_value2,169_sensor_value3,10002_sensor_value1,10002_sensor_value2,10002_sensor_value3,65552_sensor_value1,65552_sensor_value2,65552_sensor_value3,65553_sensor_value1,65553_sensor_value2,65553_sensor_value3,65554_sensor_value1,65554_sensor_value2,65554_sensor_value3,65556_sensor_value1,65556_sensor_value2,65556_sensor_value3,65611_sensor_value1,65611_sensor_value2,65611_sensor_value3,65614_sensor_value1,65614_sensor_value2,65614_sensor_value3,65627_sensor_value1,65627_sensor_value2,65627_sensor_value3,65633_sensor_value1,65633_sensor_value2,65633_sensor_value3,66537_sensor_value1,66537_sensor_value2,66537_sensor_value3,66538_sensor_value1,66538_sensor_value2,66538_sensor_value3,66539_sensor_value1,66539_sensor_value2,66539_sensor_value3,66540_sensor_value1,66540_sensor_value2,66540_sensor_value3,66542_sensor_value1,66542_sensor_value2,66542_sensor_value3,66543_sensor_value1,66543_sensor_value2,66543_sensor_value3,66544_sensor_value1,66544_sensor_value2,66544_sensor_value3,66552_sensor_value1,66552_sensor_value2,66552_sensor_value3,66554_sensor_value1,66554_sensor_value2,66554_sensor_value3,66555_sensor_value1,66555_sensor_value2,66555_sensor_value3,66556_sensor_value1,66556_sensor_value2,66556_sensor_value3,33171000_sensor_value1,33171000_sensor_value2,33171000_sensor_value3,33171002_sensor_value1,33171002_sensor_value2,33171002_sensor_value3,33171004_sensor_value1,33171004_sensor_value2,33171004_sensor_value3,33171006_sensor_value1,33171006_sensor_value2,33171006_sensor_value3,33171012_sensor_value1,33171012_sensor_value2,33171012_sensor_value3,33171020_sensor_value1,33171020_sensor_value2,33171020_sensor_value3,33171030_sensor_value1,33171030_sensor_value2,33171030_sensor_value3,33171036_sensor_value1,33171036_sensor_value2,33171036_sensor_value3,33171040_sensor_value1,33171040_sensor_value2,33171040_sensor_value3,33171042_sensor_value1,33171042_sensor_value2,33171042_sensor_value3,33171054_sensor_value1,33171054_sensor_value2,33171054_sensor_value3,33171056_sensor_value1,33171056_sensor_value2,33171056_sensor_value3,33171060_sensor_value1,33171060_sensor_value2,33171060_sensor_value3,33171070_sensor_value1,33171070_sensor_value2,33171070_sensor_value3,f
Tom27,9,2021-12-10 08:54:07,2.0166666666666666,0.0,2021-12-10 08:56:08,1.0,211000000000000.0,43289,108.96032,5e-324,34.209392,M2012K11C,11,Redmi,Çç,0.44117668,3.0795627,8.936893,168.09375,-393.2625,-178.9125,179.0957,-21.950424,-3.1670132,0.0106898269999999,0.28847262,0.7469135,659.39996,0.0,0.0,5.0,0,0,-0.6850189999999999,3.6503656,9.076121,-0.54093343,-1.1247646999999998,0.5919323000000001,0.028629465,-0.1900916,-0.9813457,-32.9625,66.58125,-41.287502,0.0624685659999999,0.18260425,0.8538741,0.016340164,0.29313034,0.7612684000000001,0,0,0,35323.0,0.0,0.0,-0.014981282,0.12687922,0.96763265,0.0,0.0,0.0,0.0,0.0,0.0,0.0,0.0,0.0,0.0,0.0,0.0,0.44117668,3.0795627,8.936893,673.95,673.95,5579.5,0.0,0.0,0.0,0.0,0.0,0.0,0.0,0.0,0.0,0.0,0.0,0.0,0.0,0.0,0.0,0.0,0.0,0.0,0.0,0.0,0.0,976.4837,0.0,0.0,0.0,0.0,0.0,0.0,0.0,0.0,0.0,0.0,0.0,0.0,0.0,0.0,0.0,0.0,0.0,0.0,0.0,0.0,0.0,0.0,0.0,0.0,0.0,0.0,0.0,0.0,0.0,0.0,0.0,0.0,0.0,0.0,0.0,0.0,0.0,0.0,0.0,0.0,0.0,0.0,0.0,0.0,0.0,0.0,0.0,0.0,0.0,0.0,0.0,0.0,0.0,0.0,0.0,0.0,0.0,0.0,0.0,0.0,0.0,0.0,0.0,0.0,0.0,0.0,0.0,0.0,0.0,0.0,0.0,0.0,0.0,0.0,0.0,0.0,0.0,0.0,0.0,0.0,0.0,0.0,0.0,0.0,0.0,0.0,0.0,0.0,0.0,0.0,0.0,0.0,0.0,0.0,0.0,0.0,0.0,0.0,0.0,0.0,0.0,0.0,0.0,0.0,0.0,0.0,0.0,0.0,0.0,0.0,0.0,0.0,0.0,0.0,0.0,0.0,0.0,0.0,0.0,89.46236400000001,69.333336,0.0,0.0,0.0,0.0,0.0,0.82876986,0.0,0
Tom27,7,2021-12-10 08:57:31,0.3333333333333333,1.3833333333333333,2021-12-10 08:57:51,1.0,211000000000000.0,44214,108.95898,392.02,34.210094,M2012K11C,11,Redmi,Òõ,-1.5801603000000002,5.2540402,9.742975,-20.15625,52.8375,-168.6,273.04233,-25.096334,-8.252178,0.005497625,0.6797203,-0.06963659,449.19998,0.0,0.0,5.0,0,0,-1.4075601,4.1163583,8.788899,-0.51163924,-0.29081535,-0.42120552,0.10868934,0.20019357,0.65937734,2.5687501,45.487503,-30.825,-0.06192903,0.2192152,0.97227836,0.011147963,0.68437797,-0.055358034,0,0,0,35583.0,0.0,0.0,0.25174636,0.05321669,-0.19750395,1.0,0.0,0.0,0.0,0.0,0.0,0.0,0.0,0.0,0.0,0.0,0.0,-1.5801603000000002,5.2540402,9.742975,426.6,426.6,3453.5,0.0,0.0,0.0,0.0,0.0,0.0,0.0,0.0,0.0,0.0,0.0,0.0,0.0,0.0,0.0,0.0,0.0,0.0,0.0,0.0,0.0,976.57874,0.0,0.0,1.0,0.0,0.0,0.0,0.0,0.0,0.0,0.0,0.0,0.0,0.0,0.0,0.0,0.0,0.0,0.0,0.0,0.0,0.0,0.0,0.0,0.0,0.0,0.0,0.0,0.0,0.0,0.0,0.0,0.0,0.0,0.0,0.0,0.0,0.0,0.0,0.0,0.0,0.0,0.0,0.0,0.0,0.0,0.0,0.0,0.0,0.0,0.0,0.0,0.0,0.0,0.0,0.0,0.0,0.0,0.0,0.0,0.0,0.0,0.0,0.0,0.0,0.0,0.0,0.0,0.0,0.0,0.0,0.0,0.0,0.0,0.0,0.0,0.0,0.0,0.0,0.0,0.0,0.0,0.0,0.0,0.0,0.0,0.0,0.0,0.0,0.0,0.0,0.0,0.0,0.0,0.0,0.0,0.0,0.0,0.0,0.0,0.0,0.0,0.0,0.0,0.0,0.0,0.0,0.0,1.0,0.0,0.0,1.0,0.0,0.0,0.0,0.0,0.0,0.0,0.0,0.0,54.623653,42.333332,0.0,0.0,0.0,0.0,4.0,0.5474936,0.0,0
Tom27,4,2021-12-10 09:04:00,2.0,6.15,2021-12-10 09:06:00,4.0,211000000000000.0,44949,108.956623,385.74,34.209738,M2012K11C,11,Redmi,Òõ,-0.0125623189999999,0.064008005,9.831211,0.056250002,-52.500004,-53.11875,178.80396000000002,-0.34157842,-0.033191357,-0.000152712,-0.000152712,0.0,510.4,0.0,0.0,5.0,0,0,-0.004972869,0.05901513,9.806471,0.000954184,-0.000848439,0.001475334,0.000320743,-0.002977644,-0.99994105,-31.875002,14.906251,-34.85625,0.002016654,0.002214124,0.6707119,0.002825169,0.0030542359999999,0.012751437,0,0,0,35848.0,0.0,0.0,-0.00030493,0.003080433,0.9999939,0.0,0.0,0.0,0.0,0.0,0.0,0.0,0.0,0.0,0.0,0.0,0.0,-0.005084748,0.057726845,9.839885,487.75,487.75,2652.5,0.0,0.0,0.0,0.0,0.0,0.0,0.0,0.0,0.0,0.0,0.0,0.0,0.0,0.0,0.0,0.0,0.0,0.0,0.0,0.0,0.0,975.14996,0.0,0.0,0.0,0.0,0.0,0.0,0.0,0.0,0.0,0.0,0.0,0.0,0.0,0.0,0.0,0.0,0.0,0.0,0.0,0.0,0.0,0.0,0.0,0.0,0.0,0.0,0.0,0.0,0.0,0.0,0.0,0.0,0.0,0.0,0.0,0.0,0.0,0.0,0.0,0.0,0.0,0.0,0.0,0.0,0.0,0.0,0.0,0.0,0.0,0.0,0.0,0.0,0.0,0.0,0.0,0.0,0.0,0.0,0.0,0.0,0.0,0.0,0.0,0.0,0.0,0.0,0.0,0.0,0.0,0.0,0.0,0.0,0.0,0.0,0.0,0.0,0.0,0.0,0.0,0.0,0.0,0.0,0.0,0.0,0.0,0.0,0.0,0.0,0.0,0.0,0.0,0.0,0.0,0.0,0.0,0.0,0.0,0.0,0.0,0.0,0.0,0.0,0.0,0.0,0.0,0.0,0.0,0.0,0.0,0.0,0.0,0.0,0.0,0.0,0.0,0.0,0.0,0.0,0.0,0.0,0.0,0.0,0.0,0.0,0.0,0.0,0.87050426,0.0,0
Tom27,3,2021-12-10 11:55:11,2.0,169.18333333333334,2021-12-10 11:57:11,3.0,211000000000000.0,52963,108.959251,5e-324,34.210845,M2012K11C,11,Redmi,Çç,1.0208379,2.7879374,6.3311095,-15.76875,-47.381252,-16.81875,172.09338,-29.762676000000003,8.3266115,-0.114304796,-0.060321167,-0.37605286,18.9,0.0,0.0,5.0,0,0,1.4201577,4.816789,8.423306,-0.618821,-3.10396,-2.3536444,-0.052338388,-0.26036823,-0.9603305,-48.506252,0.52500004,-14.493751,0.23871537,0.11638679,0.6503255,-0.113693945,-0.057496,-0.36276692,0,0,0,35937.0,0.0,0.0,-0.0504825,-0.073144004,-0.98188555,0.0,0.0,0.0,0.0,0.0,0.0,0.0,0.0,0.0,0.0,0.0,0.0,1.0208379,2.7879374,6.3311095,18.2,18.2,101.5,0.0,0.0,0.0,0.0,0.0,0.0,0.0,0.0,0.0,0.0,0.0,0.0,0.0,0.0,0.0,0.0,0.0,0.0,0.0,0.0,0.0,976.0325,0.0,0.0,1.0,0.0,0.0,0.0,0.0,0.0,0.0,0.0,0.0,0.0,0.0,0.0,0.0,0.0,0.0,0.0,0.0,0.0,0.0,0.0,0.0,0.0,0.0,0.0,0.0,0.0,0.0,0.0,0.0,0.0,0.0,0.0,0.0,0.0,0.0,0.0,0.0,0.0,0.0,0.0,0.0,0.0,0.0,0.0,0.0,0.0,0.0,0.0,0.0,0.0,0.0,0.0,0.0,0.0,0.0,0.0,0.0,0.0,0.0,0.0,0.0,0.0,0.0,0.0,0.0,0.0,0.0,0.0,0.0,0.0,0.0,0.0,0.0,0.0,0.0,0.0,0.0,0.0,0.0,0.0,0.0,0.0,0.0,0.0,0.0,0.0,0.0,0.0,0.0,0.0,0.0,0.0,0.0,0.0,0.0,0.0,0.0,0.0,0.0,0.0,0.0,0.0,0.0,0.0,0.0,1.0,0.0,0.0,0.0,0.0,0.0,0.0,0.0,0.0,0.0,0.0,0.0,17.2043,13.333332999999998,0.0,0.0,0.0,0.0,0.0,0.84436864,0.0,0
Tom27,9,2021-12-11 05:36:00,2.0,1058.8166666666666,2021-12-11 05:38:00,1.0,211000000000000.0,97484,108.960083,387.92,34.210131,M2012K11C,11,Redmi,Òõ,3.367898,1.8002999,9.002098,-40.875,20.6625,-35.98125,46.50241,-11.292269,20.143984,-0.000152712,-7.64e-05,-0.000152712,85.799995,0.0,0.0,5.0,0,0,3.3775387,1.8035685,9.0282755,0.000835419,0.001774311,6.01e-05,0.020297285,-0.19814214,-0.37098512,-109.856255,64.818756,63.862503,0.19919446,-0.00276254,0.8579476,0.00129805,0.003588728,0.012751437,0,0,0,1466.0,0.0,0.0,0.023766544,-0.19776697,-0.35501137,0.0,0.0,0.0,0.0,0.0,0.0,0.0,0.0,0.0,0.0,0.0,0.0,3.367898,1.8002999,9.002098,84.2,84.2,754.5,0.0,0.0,0.0,0.0,0.0,0.0,0.0,0.0,0.0,0.0,0.0,0.0,0.0,0.0,0.0,0.0,0.0,0.0,0.0,0.0,0.0,981.07623,0.0,0.0,0.0,0.0,0.0,0.0,0.0,0.0,0.0,0.0,0.0,0.0,0.0,0.0,0.0,0.0,0.0,0.0,0.0,0.0,0.0,0.0,0.0,0.0,0.0,0.0,0.0,0.0,0.0,0.0,0.0,0.0,0.0,0.0,0.0,0.0,0.0,0.0,0.0,0.0,0.0,0.0,0.0,0.0,0.0,0.0,0.0,0.0,0.0,0.0,0.0,0.0,0.0,0.0,0.0,0.0,0.0,0.0,0.0,0.0,0.0,0.0,0.0,0.0,0.0,0.0,0.0,0.0,0.0,0.0,0.0,0.0,0.0,0.0,0.0,0.0,0.0,0.0,0.0,0.0,0.0,0.0,0.0,0.0,0.0,0.0,0.0,0.0,0.0,0.0,0.0,0.0,0.0,0.0,0.0,0.0,0.0,0.0,0.0,0.0,0.0,0.0,0.0,0.0,0.0,0.0,0.0,1.0,0.0,0.0,0.0,0.0,0.0,0.0,0.0,0.0,0.0,0.0,0.0,0.0,0.0,0.0,0.0,0.0,0.0,0.0,0.7971866,0.0,0
Tom27,5,2021-12-11 06:55:00,2.0,77.0,2021-12-11 06:57:00,1.0,211000000000000.0,105144,108.960703,5e-324,34.209521,M2012K11C,11,Redmi,999,0.4968098,4.9103713,8.088937,-25.66875,-28.031252,-24.150002,138.6936,-30.804253,-0.19080935,-0.78241897,-0.4145362,-0.52655035,133.5,0.0,0.0,5.0,0,0,0.4824286,3.80278,9.026434,-0.60269815,1.1754127,-2.5344558,0.09517908,-0.24795642,-0.9022809,-108.8625,10.06875,74.662506,0.18158573,0.08250191,0.51439446,-0.7742489,-0.41201648,-0.5092939,0,0,0,1595.0,0.0,0.0,0.14705622,-0.26056787,-0.85280454,0.0,0.0,0.0,0.0,0.0,0.0,0.0,0.0,0.0,0.0,0.0,0.0,0.4968098,4.9103713,8.088937,131.8,131.8,708.5,0.0,0.0,0.0,0.0,0.0,0.0,0.0,0.0,0.0,0.0,0.0,0.0,0.0,0.0,0.0,0.0,0.0,0.0,0.0,0.0,0.0,981.985,0.0,0.0,0.0,0.0,0.0,0.0,0.0,0.0,0.0,0.0,0.0,0.0,0.0,0.0,0.0,0.0,0.0,0.0,0.0,0.0,0.0,0.0,0.0,0.0,0.0,0.0,0.0,0.0,0.0,0.0,0.0,0.0,0.0,0.0,0.0,0.0,0.0,0.0,0.0,0.0,0.0,0.0,0.0,0.0,0.0,0.0,0.0,0.0,0.0,0.0,0.0,0.0,0.0,0.0,0.0,0.0,0.0,0.0,0.0,0.0,0.0,0.0,0.0,0.0,0.0,0.0,0.0,0.0,0.0,0.0,0.0,0.0,0.0,0.0,0.0,0.0,0.0,0.0,0.0,0.0,0.0,0.0,0.0,0.0,0.0,0.0,0.0,0.0,0.0,0.0,0.0,0.0,0.0,0.0,0.0,0.0,0.0,0.0,0.0,0.0,0.0,0.0,0.0,0.0,0.0,0.0,0.0,0.0,0.0,0.0,0.0,0.0,0.0,0.0,0.0,0.0,0.0,0.0,0.0,13.763441,10.666667,0.0,0.0,0.0,0.0,0.0,0.84538746,0.0,0
Tom27,7,2021-12-11 07:00:00,2.0,3.0,2021-12-11 07:02:00,1.0,211000000000000.0,106267,108.959586,392.24,34.210224,M2012K11C,11,Redmi,999,-0.3260221,-11.5519495,-2.0563319,-24.243752,31.706251,-10.743751,111.410095,94.43768,-5.7305536,0.24823305,0.05092939,-0.18890451,0.0,0.0,0.0,5.0,0,0,-0.97919714,-9.728388,-0.7549953,-1.5441699,0.5780344,1.2715288,-0.38498217,0.6247262,-0.5397459,-100.6125,86.925,82.8375,-0.7251232,0.11265175,-0.036536098,0.25640315,0.053449135,-0.17157172,0,0,0,1901.0,0.0,0.0,-0.37676567,0.5823311,-0.5232582,1.0,0.0,0.0,2.0,0.0,0.0,0.0,0.0,0.0,0.0,0.0,0.0,-0.3260221,-11.5519495,-2.0563319,0.0,0.0,0.0,0.0,0.0,0.0,0.0,0.0,0.0,0.0,0.0,0.0,0.0,0.0,0.0,0.0,0.0,0.0,0.0,0.0,0.0,0.0,0.0,0.0,982.1912,0.0,0.0,1.0,0.0,0.0,0.0,0.0,0.0,0.0,0.0,0.0,0.0,0.0,0.0,0.0,0.0,0.0,0.0,0.0,0.0,0.0,0.0,0.0,0.0,0.0,0.0,0.0,0.0,0.0,0.0,0.0,0.0,0.0,0.0,0.0,0.0,0.0,0.0,0.0,0.0,0.0,0.0,0.0,0.0,0.0,0.0,0.0,0.0,0.0,0.0,0.0,0.0,0.0,0.0,0.0,0.0,0.0,0.0,0.0,0.0,0.0,0.0,0.0,0.0,0.0,0.0,0.0,0.0,0.0,0.0,0.0,0.0,0.0,0.0,0.0,0.0,0.0,0.0,0.0,0.0,0.0,0.0,0.0,0.0,0.0,0.0,0.0,0.0,0.0,0.0,0.0,0.0,0.0,0.0,0.0,0.0,0.0,0.0,0.0,0.0,0.0,0.0,0.0,0.0,0.0,0.0,0.0,2.0,0.0,0.0,0.0,0.0,0.0,0.0,0.0,0.0,0.0,0.0,0.0,0.0,0.0,0.0,0.0,0.0,0.0,4.0,0.405212,0.0,0
Tom27,3,2021-12-11 09:26:00,2.0,144.0,2021-12-11 09:28:00,3.0,211000000000000.0,79214,108.959199,394.73,34.211009,M2012K11C,11,Redmi,Òõ,-0.73788667,0.049052864,9.839885,24.7875,-24.843752,-37.631252,233.08667,-0.25156078,-4.3176546,0.000763559,-0.001068983,-0.000916271,2.6,0.0,0.0,5.0,0,0,-0.7383033,0.042934388,9.778725,0.004063249,0.00064886,0.004952431,-0.03271881,0.0187961,0.89392257,-21.2625,4.36875,-21.112501,-0.025504563,0.027808834,0.7170479,0.00633754,0.001756186,0.012980504,0,0,0,38755.0,0.0,0.0,-0.034231674,0.015546406,0.93279314,1.0,0.0,0.0,0.0,0.0,0.0,0.0,0.0,0.0,0.0,0.0,0.0,-0.73788667,0.049052864,9.839885,2.65,2.65,25.0,0.0,0.0,0.0,0.0,0.0,0.0,0.0,0.0,0.0,0.0,0.0,0.0,0.0,0.0,0.0,0.0,0.0,0.0,0.0,0.0,0.0,981.33624,0.0,0.0,0.0,0.0,0.0,0.0,0.0,0.0,0.0,0.0,0.0,0.0,0.0,0.0,0.0,0.0,0.0,0.0,0.0,0.0,0.0,0.0,0.0,0.0,0.0,0.0,0.0,0.0,0.0,0.0,0.0,0.0,0.0,0.0,0.0,0.0,0.0,0.0,0.0,0.0,0.0,0.0,0.0,0.0,0.0,0.0,0.0,0.0,0.0,0.0,0.0,0.0,0.0,0.0,0.0,0.0,0.0,0.0,0.0,0.0,0.0,0.0,0.0,0.0,0.0,0.0,0.0,0.0,0.0,0.0,0.0,0.0,0.0,0.0,0.0,0.0,0.0,0.0,0.0,0.0,0.0,0.0,0.0,0.0,0.0,0.0,0.0,0.0,0.0,0.0,0.0,0.0,0.0,0.0,0.0,0.0,0.0,0.0,0.0,0.0,0.0,0.0,0.0,0.0,0.0,0.0,0.0,0.0,0.0,0.0,0.0,0.0,0.0,0.0,0.0,0.0,0.0,0.0,0.0,0.0,0.0,0.0,0.0,0.0,0.0,0.0,0.52705497,0.0,0
Tom27,1,2021-12-12 02:55:56,1.6,1047.9333333333334,2021-12-12 02:57:32,1.0,211000000000000.0,133809,108.952926,5e-324,34.208403999999994,M2012K11C,11,Redmi,Çç,0.29820552,2.3377876,9.693026,-1.81875,24.31875,-52.537502,3.2543945,-14.579408,0.81986547,-0.023975754,-0.12270394,0.021379653,58.699997,0.0,0.0,5.0,0,0,0.36341524,2.4095378,9.499076,-0.29220557,0.0103917119999999,-0.06078911,0.12663043,-0.010696926,-0.027258527,-68.512505,55.068752,49.29375,0.09237736,0.08727035,0.7209857,-0.019623468,-0.119267926,0.035581853,0,0,0,9414.0,0.0,0.0,0.12480898,-0.011273262,-0.027841255,0.0,0.0,0.0,0.0,0.0,0.0,0.0,0.0,0.0,0.0,0.0,0.0,0.29820552,2.3377876,9.693026,58.35,58.35,454.0,0.0,0.0,0.0,0.0,0.0,0.0,0.0,0.0,0.0,0.0,0.0,0.0,0.0,0.0,0.0,0.0,0.0,0.0,0.0,0.0,0.0,980.5975,0.0,0.0,0.0,0.0,0.0,0.0,0.0,0.0,0.0,0.0,0.0,0.0,0.0,0.0,0.0,0.0,0.0,0.0,0.0,0.0,0.0,0.0,0.0,0.0,0.0,0.0,0.0,0.0,0.0,0.0,0.0,0.0,0.0,0.0,0.0,0.0,0.0,0.0,0.0,0.0,0.0,0.0,0.0,0.0,0.0,0.0,0.0,0.0,0.0,0.0,0.0,0.0,0.0,0.0,0.0,0.0,0.0,0.0,0.0,0.0,0.0,0.0,0.0,0.0,0.0,0.0,0.0,0.0,0.0,0.0,0.0,0.0,0.0,0.0,0.0,0.0,0.0,0.0,0.0,0.0,0.0,0.0,0.0,0.0,0.0,0.0,0.0,0.0,0.0,0.0,0.0,0.0,0.0,0.0,0.0,0.0,0.0,0.0,0.0,0.0,0.0,0.0,0.0,0.0,0.0,0.0,0.0,0.0,0.0,0.0,0.0,0.0,0.0,0.0,0.0,0.0,0.0,0.0,0.0,6.4516125,5.0,0.0,0.0,0.0,0.0,0.0,0.8564094000000001,0.0,0
Tom27,3,2021-12-12 10:43:33,1.5833333333333333,466.01666666666665,2021-12-12 10:45:08,3.0,211000000000000.0,117377,108.959398,413.2,34.211095,M2012K11C,11,Redmi,Çç,1.0615159,1.6788642,8.815457,-35.550003000000004,-10.96875,-18.806252,110.13315,-3.945119,2.9697406,-0.75302196,-0.15958385,0.5361712,37.8,0.0,0.0,5.0,0,0,1.0905249,-0.48565552,9.733719,0.26479983,1.4668987,0.17507458,-0.001527742,-0.043038968,-0.81854635,-97.762505,18.150002,75.168755,0.018231753,-0.058189932,0.66010606,-0.7489751,-0.15630054,0.55136603,0,0,0,5803.0,0.0,0.0,-0.037051577,-0.12412117,-0.78049123,0.0,0.0,0.0,0.0,0.0,0.0,0.0,0.0,0.0,0.0,0.0,0.0,1.0615159,1.6788642,8.815457,28.9,28.9,282.0,0.0,0.0,0.0,0.0,0.0,0.0,0.0,0.0,0.0,0.0,0.0,0.0,0.0,0.0,0.0,0.0,0.0,0.0,0.0,0.0,0.0,985.4725,0.0,0.0,0.0,0.0,0.0,0.0,0.0,0.0,0.0,0.0,0.0,0.0,0.0,0.0,0.0,0.0,0.0,0.0,0.0,0.0,0.0,0.0,0.0,0.0,0.0,0.0,0.0,0.0,0.0,0.0,0.0,0.0,0.0,0.0,0.0,0.0,0.0,0.0,0.0,0.0,0.0,0.0,0.0,0.0,0.0,0.0,0.0,0.0,0.0,0.0,0.0,0.0,0.0,0.0,0.0,0.0,0.0,0.0,0.0,0.0,0.0,0.0,0.0,0.0,0.0,0.0,0.0,0.0,0.0,0.0,0.0,0.0,0.0,0.0,0.0,0.0,0.0,0.0,0.0,0.0,0.0,0.0,0.0,0.0,0.0,0.0,0.0,0.0,0.0,0.0,0.0,0.0,0.0,0.0,0.0,0.0,0.0,0.0,0.0,0.0,0.0,0.0,0.0,0.0,0.0,0.0,0.0,0.0,0.0,0.0,0.0,0.0,0.0,0.0,0.0,0.0,0.0,0.0,0.0,21.935484,17.0,0.0,0.0,0.0,0.0,0.0,0.80994415,0.0,0
Tom27,2,2021-12-13 05:47:32,2.0,1142.4,2021-12-13 05:49:32,3.0,211000000000000.0,188245,108.956076,5e-324,34.210479,M2012K11C,11,Redmi,999,5.9676995,-0.18005991,8.007282,-37.2,-16.518751,-37.95,125.286865,-4.520759,32.242893,-0.007177455,0.5442649,0.2907633,161.09999,0.0,0.0,5.0,0,0,5.2319427,0.6537675000000001,8.2686,0.34914112,0.21901983,0.05063343,-0.22901705,-0.16115181,-0.84754074,-105.15,17.268751,42.956253,0.18985109,-0.20585258,0.5583111,-0.001374406,0.54709005,0.30542362,0,0,0,17590.0,0.0,0.0,-0.14988041,-0.20927954,-0.72514296,0.0,0.0,0.0,0.0,0.0,0.0,0.0,0.0,0.0,0.0,0.0,0.0,5.9676995,-0.18005991,8.007282,150.05,150.05,798.5,0.0,0.0,0.0,0.0,0.0,0.0,0.0,0.0,0.0,0.0,0.0,0.0,0.0,0.0,0.0,0.0,0.0,0.0,0.0,0.0,0.0,969.0612,0.0,0.0,0.0,0.0,0.0,0.0,0.0,0.0,0.0,0.0,0.0,0.0,0.0,0.0,0.0,0.0,0.0,0.0,0.0,0.0,0.0,0.0,0.0,0.0,0.0,0.0,0.0,0.0,0.0,0.0,0.0,0.0,0.0,0.0,0.0,0.0,0.0,0.0,0.0,0.0,0.0,0.0,0.0,0.0,0.0,0.0,0.0,0.0,0.0,0.0,0.0,0.0,0.0,0.0,0.0,0.0,0.0,0.0,0.0,0.0,0.0,0.0,0.0,0.0,0.0,0.0,0.0,0.0,0.0,0.0,0.0,0.0,0.0,0.0,0.0,0.0,0.0,0.0,0.0,0.0,0.0,0.0,0.0,0.0,0.0,0.0,0.0,0.0,0.0,0.0,0.0,0.0,0.0,0.0,0.0,0.0,0.0,0.0,0.0,0.0,0.0,0.0,0.0,0.0,0.0,0.0,0.0,0.0,0.0,0.0,0.0,0.0,0.0,0.0,0.0,0.0,0.0,0.0,0.0,17.634408999999998,13.666667000000002,0.0,0.0,0.0,0.0,0.0,0.8507526,0.0,0
Tom27,5,2021-12-13 06:33:37,2.0166666666666666,44.083333333333336,2021-12-13 06:35:38,1.0,211000000000000.0,189735,108.96076399999998,5e-324,34.210178000000006,M2012K11C,11,Redmi,999,0.004486543,0.07447661,9.772886,40.59375,-1.03125,-54.3375,266.8273,-5.3451580000000005,1.2496393,-0.059633963,-0.15889664,0.003512372,162.59999,0.0,0.0,5.0,0,0,0.21386923,0.9133247,9.761684,-0.1969368,-0.76354736,0.47102165,0.039956804,0.026382983,0.72592723,-29.04375,34.612503000000004,25.425001,0.03898589,0.027797632,0.7500432,-0.052532863,-0.15599512,0.0194707569999999,0,0,0,18242.0,0.0,0.0,0.00555809,0.005715502,0.70653015,0.0,0.0,0.0,0.0,0.0,0.0,0.0,0.0,0.0,0.0,0.0,0.0,0.004486543,0.07447661,9.772886,166.65,166.65,894.5,0.0,0.0,0.0,0.0,0.0,0.0,0.0,0.0,0.0,0.0,0.0,0.0,0.0,0.0,0.0,0.0,0.0,0.0,0.0,0.0,0.0,970.1362,0.0,0.0,0.0,0.0,0.0,0.0,0.0,0.0,0.0,0.0,0.0,0.0,0.0,0.0,0.0,0.0,0.0,0.0,0.0,0.0,0.0,0.0,0.0,0.0,0.0,0.0,0.0,0.0,0.0,0.0,0.0,0.0,0.0,0.0,0.0,0.0,0.0,0.0,0.0,0.0,0.0,0.0,0.0,0.0,0.0,0.0,0.0,0.0,0.0,0.0,0.0,0.0,0.0,0.0,0.0,0.0,0.0,0.0,0.0,0.0,0.0,0.0,0.0,0.0,0.0,0.0,0.0,0.0,0.0,0.0,0.0,0.0,0.0,0.0,0.0,0.0,0.0,0.0,0.0,0.0,0.0,0.0,0.0,0.0,0.0,0.0,0.0,0.0,0.0,0.0,0.0,0.0,0.0,0.0,0.0,0.0,0.0,0.0,0.0,0.0,0.0,0.0,0.0,0.0,0.0,0.0,0.0,0.0,0.0,0.0,0.0,0.0,0.0,0.0,0.0,0.0,0.0,0.0,0.0,0.0,0.0,0.0,0.0,0.0,0.0,0.0,0.72501326,0.0,0
Tom27,7,2021-12-13 07:50:09,2.0,74.51666666666667,2021-12-13 07:52:09,1.0,211000000000000.0,150917,108.959092,5e-324,34.210077000000005,M2012K11C,11,Redmi,Çç,1.1709876,2.1284158,9.04786,-4.8187504,3.9,-45.84375,3.7748413,-26.484205,3.4264852999999995,0.20165595,1.1964207,0.57053137,438.9,0.0,0.0,5.0,0,0,-0.2318496,3.1386883,9.2879095,1.0866729,0.06913543,1.5060644,0.22787377,-0.036675155,-0.025402015,-67.668755,40.2,26.362501,0.11909422,0.11074731,0.61685836,0.20631365,1.1993222,0.58328277,0,0,0,13712.0,0.0,0.0,0.24007086,-0.06656439,-0.21606374,0.0,0.0,0.0,0.0,0.0,0.0,0.0,0.0,0.0,0.0,0.0,0.0,1.1709876,2.1284158,9.04786,475.0,475.0,3616.5,0.0,0.0,0.0,0.0,0.0,0.0,0.0,0.0,0.0,0.0,0.0,0.0,0.0,0.0,0.0,0.0,0.0,0.0,0.0,0.0,0.0,974.6287,0.0,0.0,1.0,0.0,0.0,0.0,0.0,0.0,0.0,0.0,0.0,0.0,0.0,0.0,0.0,0.0,0.0,0.0,0.0,0.0,0.0,0.0,0.0,0.0,0.0,0.0,0.0,0.0,0.0,0.0,0.0,0.0,0.0,0.0,0.0,0.0,0.0,0.0,0.0,0.0,0.0,0.0,0.0,0.0,0.0,0.0,0.0,0.0,0.0,0.0,0.0,0.0,0.0,0.0,0.0,0.0,0.0,0.0,0.0,0.0,0.0,0.0,0.0,0.0,0.0,0.0,0.0,0.0,0.0,0.0,0.0,0.0,0.0,0.0,0.0,0.0,0.0,0.0,0.0,0.0,0.0,0.0,0.0,0.0,0.0,0.0,0.0,0.0,0.0,0.0,0.0,0.0,0.0,0.0,0.0,0.0,0.0,0.0,0.0,0.0,0.0,0.0,0.0,0.0,0.0,0.0,0.0,0.0,0.0,0.0,0.0,0.0,0.0,0.0,0.0,0.0,0.0,0.0,0.0,62.7957,48.666668,0.0,0.0,0.0,0.0,0.0,0.87661165,0.0,0
Tom27,1,2021-12-13 09:24:09,2.0166666666666666,92.0,2021-12-13 09:26:10,2.0,211000000000000.0,153797,108.954991,5e-324,34.20844,M2012K11C,11,Redmi,Çç,-0.45583272,-0.7603194000000001,9.812068,-32.081253000000004,2.7,-36.9,88.7276,2.2754157000000004,-1.8830178,-0.00038178,0.000229068,0.0023670329999999,357.69998,0.0,0.0,5.0,0,0,-0.3991322,-0.60928434,9.779563,-0.05952558,-0.1635434,0.09703159,-0.002706065,0.025626225,-0.69874626,-95.55,31.0125,36.131252,-0.031870686,-0.008401746,0.76302135,0.004275931,0.003130592,0.0150421139999999,0,0,0,14610.0,0.0,0.0,-0.011732247,0.043687385,-0.7046703000000001,0.0,0.0,0.0,0.0,0.0,0.0,0.0,0.0,0.0,0.0,0.0,0.0,-0.45583272,-0.7603194000000001,9.812068,359.45,359.45,2009.0,0.0,0.0,0.0,0.0,0.0,0.0,0.0,0.0,0.0,0.0,0.0,0.0,0.0,0.0,0.0,0.0,0.0,0.0,0.0,0.0,0.0,974.20746,0.0,0.0,0.0,0.0,0.0,0.0,0.0,0.0,0.0,0.0,0.0,0.0,0.0,0.0,0.0,0.0,0.0,0.0,0.0,0.0,0.0,0.0,0.0,0.0,0.0,0.0,0.0,0.0,0.0,0.0,0.0,0.0,0.0,0.0,0.0,0.0,0.0,0.0,0.0,0.0,0.0,0.0,0.0,0.0,0.0,0.0,0.0,0.0,0.0,0.0,0.0,0.0,0.0,0.0,0.0,0.0,0.0,0.0,0.0,0.0,0.0,0.0,0.0,0.0,0.0,0.0,0.0,0.0,0.0,0.0,0.0,0.0,0.0,0.0,0.0,0.0,0.0,0.0,0.0,0.0,0.0,0.0,0.0,0.0,0.0,0.0,0.0,0.0,0.0,0.0,0.0,0.0,0.0,0.0,0.0,0.0,0.0,0.0,0.0,0.0,0.0,0.0,0.0,0.0,0.0,0.0,0.0,0.0,0.0,0.0,0.0,0.0,0.0,0.0,0.0,0.0,0.0,0.0,0.0,1.2903225,1.0,0.0,0.0,0.0,0.0,0.0,0.77128863,0.0,0
Tom27,3,2021-12-13 12:44:45,2.0166666666666666,198.58333333333334,2021-12-13 12:46:46,3.0,211000000000000.0,169287,108.95938999999998,413.2,34.211103,M2012K11C,11,Redmi,Çç,0.7686943,5.973981,7.765308,9.5625,-40.987503,-53.362503,258.43948,-40.938107,4.085319999999999,0.08956548,-0.03787253,0.036956258,446.3,0.0,0.0,5.0,0,0,0.84369487,6.2847395,7.480682400000001,0.06426746,-0.24718904,0.26395512,0.24684493,0.24963656,0.7332314999999999,-56.325,10.856251,39.131252,0.27838597,0.20271307,0.64870715,0.09605573,-0.03504736,0.051540237,0,0,0,16607.0,0.0,0.0,0.27350488,0.18371524,0.6356584,0.0,0.0,0.0,0.0,0.0,0.0,0.0,0.0,0.0,0.0,0.0,0.0,0.7686943,5.973981,7.765308,452.9,452.9,4038.0,0.0,0.0,0.0,0.0,0.0,0.0,0.0,0.0,0.0,0.0,0.0,0.0,0.0,0.0,0.0,0.0,0.0,0.0,0.0,0.0,0.0,971.20123,0.0,0.0,0.0,0.0,0.0,0.0,0.0,0.0,0.0,0.0,0.0,0.0,0.0,0.0,0.0,0.0,0.0,0.0,0.0,0.0,0.0,0.0,0.0,0.0,0.0,0.0,0.0,0.0,0.0,0.0,0.0,0.0,0.0,0.0,0.0,0.0,0.0,0.0,0.0,0.0,0.0,0.0,0.0,0.0,0.0,0.0,0.0,0.0,0.0,0.0,0.0,0.0,0.0,0.0,0.0,0.0,0.0,0.0,0.0,0.0,0.0,0.0,0.0,0.0,0.0,0.0,0.0,0.0,0.0,0.0,0.0,0.0,0.0,0.0,0.0,0.0,0.0,0.0,0.0,0.0,0.0,0.0,0.0,0.0,0.0,0.0,0.0,0.0,0.0,0.0,0.0,0.0,0.0,0.0,0.0,0.0,0.0,0.0,0.0,0.0,0.0,0.0,0.0,0.0,0.0,0.0,0.0,0.0,0.0,0.0,0.0,0.0,0.0,0.0,0.0,0.0,0.0,0.0,0.0,31.827955,24.666666,0.0,0.0,0.0,0.0,0.0,0.8594107,0.0,0
Tom27,4,2021-12-14 06:48:46,2.0166666666666666,1082.0,2021-12-14 06:50:47,4.0,211000000000000.0,235175,108.956686,413.2,34.209622,M2012K11C,11,Redmi,999,1.5340983999999998,0.50787663,10.030114,6.4687505,-38.11875,-27.937502,207.93031,-4.832725,-4.8618193,-0.14339639,-0.029473381,0.7219451,155.2,0.0,0.0,5.0,0,0,-0.49618787,0.6092123,9.775124,1.8315853,-1.4682381000000002,1.2363071,-0.030958766,0.051104896,0.9682757,-47.268753,-0.112500004,26.212502,0.019463979,0.035050686,0.37097585,-0.13797513,-0.0267245679999999,0.7368345000000001,0,0,0,26170.0,0.0,0.0,0.020109281,-0.002858424,0.9715693,0.0,0.0,0.0,0.0,0.0,0.0,0.0,0.0,0.0,0.0,0.0,0.0,1.5340983999999998,0.50787663,10.030114,153.29998999999998,153.29998999999998,793.0,0.0,0.0,0.0,0.0,0.0,0.0,0.0,0.0,0.0,0.0,0.0,0.0,0.0,0.0,0.0,0.0,0.0,0.0,0.0,0.0,0.0,965.57245,0.0,0.0,0.0,0.0,0.0,0.0,0.0,0.0,0.0,0.0,0.0,0.0,0.0,0.0,0.0,0.0,0.0,0.0,0.0,0.0,0.0,0.0,0.0,0.0,0.0,0.0,0.0,0.0,0.0,0.0,0.0,0.0,0.0,0.0,0.0,0.0,0.0,0.0,0.0,0.0,0.0,0.0,0.0,0.0,0.0,0.0,0.0,0.0,0.0,0.0,0.0,0.0,0.0,0.0,0.0,0.0,0.0,0.0,0.0,0.0,0.0,0.0,0.0,0.0,0.0,0.0,0.0,0.0,0.0,0.0,0.0,0.0,0.0,0.0,0.0,0.0,0.0,0.0,0.0,0.0,0.0,0.0,0.0,0.0,0.0,0.0,0.0,0.0,0.0,0.0,0.0,0.0,0.0,0.0,0.0,0.0,0.0,0.0,0.0,0.0,0.0,0.0,0.0,0.0,0.0,0.0,0.0,0.0,0.0,0.0,0.0,0.0,0.0,0.0,0.0,0.0,0.0,0.0,0.0,3.8709676,3.0,0.0,0.0,0.0,0.0,0.0,0.87390965,0.0,0
Tom27,3,2021-12-14 06:58:39,2.0,7.866666666666666,2021-12-14 07:00:39,1.0,211000000000000.0,200406,108.959016,413.2,34.211122,M2012K11C,11,Redmi,¶àÔÆ,-1.4300107,2.8746774,9.199206,-21.712502,24.31875,-45.787502,37.05136,-12.36825,-7.470501,0.20982604,-0.083609715,0.05413634,10.4,0.0,0.0,5.0,0,0,-1.1521527,2.390821,9.440704,-0.16106331,-0.25217938,0.06791592,0.122503266,0.027256642,-0.3218639,-89.00625600000001,56.662502,27.431252,0.042646553,0.12976632,0.713529,0.21860696,-0.0820062459999999,0.07185091,0,0,0,18634.0,0.0,0.0,0.1204391,0.028704787,-0.31080237,0.0,0.0,0.0,0.0,0.0,0.0,0.0,0.0,0.0,0.0,0.0,0.0,-1.4300107,2.8746774,9.199206,10.9,10.9,43.0,0.0,0.0,0.0,0.0,0.0,0.0,0.0,0.0,0.0,0.0,0.0,0.0,0.0,0.0,0.0,0.0,0.0,0.0,0.0,0.0,0.0,970.3587,0.0,0.0,0.0,0.0,0.0,0.0,0.0,0.0,0.0,0.0,0.0,0.0,0.0,0.0,0.0,0.0,0.0,0.0,0.0,0.0,0.0,0.0,0.0,0.0,0.0,0.0,0.0,0.0,0.0,0.0,0.0,0.0,0.0,0.0,0.0,0.0,0.0,0.0,0.0,0.0,0.0,0.0,0.0,0.0,0.0,0.0,0.0,0.0,0.0,0.0,0.0,0.0,0.0,0.0,0.0,0.0,0.0,0.0,0.0,0.0,0.0,0.0,0.0,0.0,0.0,0.0,0.0,0.0,0.0,0.0,0.0,0.0,0.0,0.0,0.0,0.0,0.0,0.0,0.0,0.0,0.0,0.0,0.0,0.0,0.0,0.0,0.0,0.0,0.0,0.0,0.0,0.0,0.0,0.0,0.0,0.0,0.0,0.0,0.0,0.0,0.0,0.0,0.0,0.0,0.0,0.0,0.0,0.0,0.0,0.0,0.0,0.0,0.0,0.0,0.0,0.0,0.0,0.0,0.0,1.2903225,1.0,0.0,0.0,0.0,0.0,0.0,0.8307328000000002,0.0,0
Tom27,2,2021-12-14 09:41:41,2.0,161.03333333333333,2021-12-14 09:43:41,3.0,211000000000000.0,210462,108.955456,404.9,34.210578000000005,M2012K11C,11,Redmi,¶àÔÆ,-0.18574286,0.33888352,9.83809,-13.9875,-41.100002,-39.375,167.32153,-5.993663300000001,-1.1522658,0.000839915,-0.000839915,0.000916271,239.59999,0.0,0.0,5.0,0,0,-0.19387789,0.9658217,9.757048,0.010487646,-0.59552133,0.46195698,0.0157523639999999,-0.050849717,-0.9925343,-81.3375,-2.68125,37.518753,0.02287223,0.0447868629999999,0.7826626999999999,0.007253811,0.002596101,0.017485503,0,0,0,20213.0,0.0,0.0,0.008405705,-0.016684327,-0.99820614,1.0,0.0,0.0,0.0,0.0,0.0,0.0,0.0,0.0,0.0,0.0,0.0,-0.18574286,0.33888352,9.83809,237.85,237.85,1680.5,0.0,0.0,0.0,0.0,0.0,0.0,0.0,0.0,0.0,0.0,0.0,0.0,0.0,0.0,0.0,0.0,0.0,0.0,0.0,0.0,0.0,969.27625,0.0,0.0,0.0,0.0,0.0,0.0,0.0,0.0,0.0,0.0,0.0,0.0,0.0,0.0,0.0,0.0,0.0,0.0,0.0,0.0,0.0,0.0,0.0,0.0,0.0,0.0,0.0,0.0,0.0,0.0,0.0,0.0,0.0,0.0,0.0,0.0,0.0,0.0,0.0,0.0,0.0,0.0,0.0,0.0,0.0,0.0,0.0,0.0,0.0,0.0,0.0,0.0,0.0,0.0,0.0,0.0,0.0,0.0,0.0,0.0,0.0,0.0,0.0,0.0,0.0,0.0,0.0,0.0,0.0,0.0,0.0,0.0,0.0,0.0,0.0,0.0,0.0,0.0,0.0,0.0,0.0,0.0,0.0,0.0,0.0,0.0,0.0,0.0,0.0,0.0,0.0,0.0,0.0,0.0,0.0,0.0,0.0,0.0,0.0,0.0,0.0,0.0,0.0,0.0,0.0,0.0,0.0,0.0,0.0,0.0,0.0,0.0,0.0,0.0,0.0,0.0,0.0,0.0,0.0,0.0,0.0,0.0,0.0,0.0,0.0,0.0,0.8038086999999999,0.0,0
Tom27,1,2021-12-14 10:46:19,2.0,62.63333333333333,2021-12-14 10:48:19,6.0,211000000000000.0,218301,108.953629,5e-324,34.209409,M2012K11C,11,Redmi,¶àÔÆ,-0.104985096,0.18095721,9.860822,12.468751,-0.99375004,-59.437504,259.8216,-3.0358915,-1.627931,0.008704574,0.017638214,0.000687203,139.09999,0.0,0.0,5.0,0,0,-0.27618393,0.5082095999999999,9.789578,0.6743746,-0.3860282,0.3629055,0.006101419,0.029428216,0.76645625,-55.912502,34.65,19.96875,0.004189898,0.029204356,0.8015719,0.01565296,0.02145601,0.0177909269999999,0,0,0,20417.0,0.0,0.0,0.035467982,-0.034382842,0.68838364,0.0,0.0,0.0,0.0,0.0,0.0,0.0,0.0,0.0,0.0,0.0,0.0,-0.10079765,0.19860429,9.860822,129.04998999999998,129.04998999999998,1071.0,0.0,0.0,0.0,0.0,0.0,0.0,0.0,0.0,0.0,0.0,0.0,0.0,0.0,0.0,0.0,0.0,0.0,0.0,0.0,0.0,0.0,967.95123,0.0,0.0,0.0,0.0,0.0,0.0,0.0,0.0,0.0,0.0,0.0,0.0,0.0,0.0,0.0,0.0,0.0,0.0,0.0,0.0,0.0,0.0,0.0,0.0,0.0,0.0,0.0,0.0,0.0,0.0,0.0,0.0,0.0,0.0,0.0,0.0,0.0,0.0,0.0,0.0,0.0,0.0,0.0,0.0,0.0,0.0,0.0,0.0,0.0,0.0,0.0,0.0,0.0,0.0,0.0,0.0,0.0,0.0,0.0,0.0,0.0,0.0,0.0,0.0,0.0,0.0,0.0,0.0,0.0,0.0,0.0,0.0,0.0,0.0,0.0,0.0,0.0,0.0,0.0,0.0,0.0,0.0,0.0,0.0,0.0,0.0,0.0,0.0,0.0,0.0,0.0,0.0,0.0,0.0,0.0,0.0,0.0,0.0,0.0,0.0,0.0,0.0,0.0,0.0,0.0,0.0,0.0,0.0,0.0,0.0,0.0,0.0,0.0,0.0,0.0,0.0,0.0,0.0,0.0,2.1505375,1.6666666,0.0,0.0,0.0,0.0,0.0,0.7907975,0.0,0
Tom27,7,2021-12-14 12:20:16,2.0,91.95,2021-12-14 12:22:16,1.0,211000000000000.0,221718,108.959961,5e-324,34.209932,M2012K11C,11,Redmi,Çç,-0.8647063,3.6837504,9.147162,36.99375,-7.5000005,-39.45,283.76416,-17.025267000000003,6.802266599999999,-0.38994962,0.50211644,-0.06574243,25748.6,0.0,0.0,5.0,0,0,0.38422817,2.2648087,9.533803,-0.41727218,0.46142888,-2.3816347,0.15247181,0.045053605,0.61631536,-29.325,22.425001,34.2,0.10273046,0.057946447,0.62565976,-0.38261944,0.5048653000000001,-0.0480278659999999,0,0,0,20939.0,0.0,0.0,0.12372431,0.0941755,0.5801864000000001,0.0,0.0,0.0,0.0,0.0,0.0,0.0,0.0,0.0,0.0,0.0,0.0,-0.8647063,3.6837504,9.147162,22931.7,22931.7,12521.0,0.0,0.0,0.0,0.0,0.0,0.0,0.0,0.0,0.0,0.0,0.0,0.0,0.0,0.0,0.0,0.0,0.0,0.0,0.0,0.0,0.0,968.70746,0.0,0.0,1.0,0.0,0.0,0.0,0.0,0.0,0.0,0.0,0.0,0.0,0.0,0.0,0.0,0.0,0.0,0.0,0.0,0.0,0.0,0.0,0.0,0.0,0.0,0.0,0.0,0.0,0.0,0.0,0.0,0.0,0.0,0.0,0.0,0.0,0.0,0.0,0.0,0.0,0.0,0.0,0.0,0.0,0.0,0.0,0.0,0.0,0.0,0.0,0.0,0.0,0.0,0.0,0.0,0.0,0.0,0.0,0.0,0.0,0.0,0.0,0.0,0.0,0.0,0.0,0.0,0.0,0.0,0.0,0.0,0.0,0.0,0.0,0.0,0.0,0.0,0.0,0.0,0.0,0.0,0.0,0.0,0.0,0.0,0.0,0.0,0.0,0.0,0.0,0.0,0.0,0.0,0.0,0.0,0.0,0.0,0.0,0.0,0.0,0.0,0.0,0.0,0.0,0.0,0.0,0.0,0.0,0.0,0.0,0.0,0.0,0.0,0.0,0.0,0.0,0.0,0.0,0.0,2199.5698,1704.6666,0.0,0.0,0.0,0.0,0.0,0.85309285,0.0,0
Tom27,3,2021-12-14 12:38:54,2.1166666666666667,16.633333333333333,2021-12-14 12:41:01,3.0,211000000000000.0,227006,108.958973,5e-324,34.210801000000004,M2012K11C,11,Redmi,999,-1.8544376,2.2549362,7.457232,33.581253000000004,-10.087501,-18.7875,256.58636,-4.559330999999999,-14.975721,0.22937314,-0.1927222999999999,0.04459185,34.899998,0.0,0.0,5.0,0,0,-2.391448,1.1044787,9.446241,-0.4353782999999999,0.17506266,-1.8581271,-0.07775856,0.111644015,0.7743293000000001,-22.800001,20.400002,45.787502,0.06518973,0.118852854,-0.068331994,0.2367032999999999,-0.1899735,0.062230065,0,0,0,21416.0,0.0,0.0,-0.119430244,0.15677673,0.758603,0.0,0.0,0.0,0.0,0.0,0.0,0.0,0.0,0.0,0.0,0.0,0.0,-1.8544376,2.2549362,7.457232,30.150002,30.150002,234.0,0.0,0.0,0.0,0.0,0.0,0.0,0.0,0.0,0.0,0.0,0.0,0.0,0.0,0.0,0.0,0.0,0.0,0.0,0.0,0.0,0.0,967.605,0.0,0.0,1.0,0.0,0.0,0.0,0.0,0.0,0.0,0.0,0.0,0.0,0.0,0.0,0.0,0.0,0.0,0.0,0.0,0.0,0.0,0.0,0.0,0.0,0.0,0.0,0.0,0.0,0.0,0.0,0.0,0.0,0.0,0.0,0.0,0.0,0.0,0.0,0.0,0.0,0.0,0.0,0.0,0.0,0.0,0.0,0.0,0.0,0.0,0.0,0.0,0.0,0.0,0.0,0.0,0.0,0.0,0.0,0.0,0.0,0.0,0.0,0.0,0.0,0.0,0.0,0.0,0.0,0.0,0.0,0.0,0.0,0.0,0.0,0.0,0.0,0.0,0.0,0.0,0.0,0.0,0.0,0.0,0.0,0.0,0.0,0.0,0.0,0.0,0.0,0.0,0.0,0.0,0.0,0.0,0.0,0.0,0.0,0.0,0.0,0.0,0.0,0.0,0.0,0.0,0.0,0.0,1.0,0.0,0.0,0.0,0.0,0.0,0.0,0.0,0.0,0.0,0.0,0.0,18.494623,14.333332999999998,0.0,0.0,0.0,0.0,0.0,0.7621766999999999,0.0,0
Tom27,9,2021-12-15 06:08:00,2.0,1046.9833333333333,2021-12-15 06:10:00,1.0,211000000000000.0,275019,108.960871,5e-324,34.210174,M2012K11C,11,Redmi,999,9.209974,1.7847466,2.891427,-35.23125,-33.80625,-25.800001,165.49548,23.983757,61.14048,-0.97071266,-0.5531986,-0.41201648,3.1,0.0,0.0,0.0,0,0,9.07222,-2.1380076,3.0486286,5.6206837,-2.755105,0.8571429,-0.5160985,0.1146599,-0.8488187,-74.28750600000001,0.3375,29.531252,0.3806300999999999,-0.44686013,0.65234333,-0.96376425,-0.5508314999999999,-0.39773792,0,0,0,28902.0,0.0,0.0,0.5474589,-0.21319115,0.8073863,0.0,0.0,0.0,1.0,0.0,0.0,0.0,0.0,0.0,0.0,0.0,0.0,6.6702924,0.13938192,3.010171,3.7,3.7,10.0,0.0,0.0,0.0,0.0,0.0,0.0,0.0,0.0,0.0,0.0,0.0,0.0,0.0,0.0,0.0,0.0,0.0,0.0,0.0,0.0,0.0,970.81,0.0,0.0,1.0,0.0,0.0,0.0,0.0,0.0,0.0,0.0,0.0,0.0,0.0,0.0,0.0,0.0,0.0,0.0,0.0,0.0,0.0,0.0,0.0,0.0,0.0,0.0,0.0,0.0,0.0,0.0,0.0,0.0,0.0,0.0,0.0,0.0,0.0,0.0,0.0,0.0,0.0,0.0,0.0,0.0,0.0,0.0,0.0,0.0,0.0,0.0,0.0,0.0,0.0,0.0,0.0,0.0,0.0,0.0,0.0,0.0,0.0,0.0,0.0,0.0,0.0,0.0,0.0,0.0,0.0,0.0,0.0,0.0,0.0,0.0,0.0,0.0,0.0,0.0,0.0,0.0,0.0,0.0,0.0,0.0,0.0,0.0,0.0,0.0,0.0,0.0,0.0,0.0,0.0,0.0,0.0,0.0,0.0,0.0,0.0,0.0,0.0,0.0,0.0,0.0,0.0,0.0,0.0,2.0,0.0,0.0,0.0,0.0,0.0,0.0,0.0,0.0,0.0,0.0,0.0,3.4408603,2.6666667,0.0,0.0,0.0,0.0,0.0,0.86168253,0.0,0
Tom27,3,2021-12-15 06:47:31,2.0,37.516666666666666,2021-12-15 06:49:31,1.0,211000000000000.0,248826,108.958947,413.2,34.211099,M2012K11C,11,Redmi,Òõ,1.1560324,-13.556537,-0.082851484,-23.493752,3.4125001000000004,-29.56875,138.66766,80.743286,21.72822,0.0138204189999999,-0.11987878,-0.45034716,0.0,0.0,0.0,5.0,0,0,4.110426,-8.8214035,1.2073295,-3.1233091,1.5460987,-0.6830714,-0.35886118,0.54452187,-0.7431463,-91.59375,39.956253,29.550001,-0.45093727,0.48487028,-0.71293765,0.017561859,-0.1163664,-0.43698487,0,0,0,26333.0,0.0,0.0,0.3545082,-0.60479194,0.7084180999999999,1.0,0.0,0.0,2.0,0.0,0.0,0.0,0.0,0.0,0.0,0.0,0.0,1.1560324,-13.556537,-0.082851484,0.0,0.0,0.0,0.0,0.0,0.0,0.0,0.0,0.0,0.0,0.0,0.0,0.0,0.0,0.0,0.0,0.0,0.0,0.0,0.0,0.0,0.0,0.0,0.0,968.66,0.0,0.0,0.0,0.0,0.0,0.0,0.0,0.0,0.0,0.0,0.0,0.0,0.0,0.0,0.0,0.0,0.0,0.0,0.0,0.0,0.0,0.0,0.0,0.0,0.0,0.0,0.0,0.0,0.0,0.0,0.0,0.0,0.0,0.0,0.0,0.0,0.0,0.0,0.0,0.0,0.0,0.0,0.0,0.0,0.0,0.0,0.0,0.0,0.0,0.0,0.0,0.0,0.0,0.0,0.0,0.0,0.0,0.0,0.0,0.0,0.0,0.0,0.0,0.0,0.0,0.0,0.0,0.0,0.0,0.0,0.0,0.0,0.0,0.0,0.0,0.0,0.0,0.0,0.0,0.0,0.0,0.0,0.0,0.0,0.0,0.0,0.0,0.0,0.0,0.0,0.0,0.0,0.0,0.0,0.0,0.0,0.0,0.0,0.0,0.0,0.0,0.0,0.0,0.0,0.0,0.0,0.0,2.0,0.0,0.0,1.0,0.0,0.0,0.0,0.0,0.0,0.0,0.0,0.0,0.0,0.0,0.0,0.0,0.0,0.0,0.0,0.7632287,0.0,0
Tom27,7,2021-12-15 07:16:47,2.0166666666666666,27.266666666666666,2021-12-15 07:18:48,1.0,211000000000000.0,282033,108.959168,413.2,34.210967,M2012K11C,11,Redmi,999,11.543874,-5.3925247,0.5712864000000001,-3.24375,-1.21875,-36.05625,162.75073,77.423164,28.995033000000003,-0.21570544,0.2814479,-0.4298074,2.0,0.0,0.0,5.0,0,0,5.379653500000001,-8.053149000000001,1.5415926000000002,3.627194,2.7892632,-1.199191,0.28392977,-0.5693467,0.77039325,-66.15,34.912502,20.23125,0.26446623,-0.59283936,0.74977815,-0.20883341,0.28389126,-0.41552883,0,0,0,29583.0,0.0,0.0,0.16350831,-0.65797037,0.5669475,1.0,0.0,0.0,1.0,0.0,0.0,0.0,0.0,0.0,0.0,0.0,0.0,11.543874,-5.3925247,0.5712864000000001,2.35,2.35,4.5,0.0,0.0,0.0,0.0,0.0,0.0,0.0,0.0,0.0,0.0,0.0,0.0,0.0,0.0,0.0,0.0,0.0,0.0,0.0,0.0,0.0,971.4725,0.0,0.0,1.0,0.0,0.0,0.0,0.0,0.0,0.0,0.0,0.0,0.0,0.0,0.0,0.0,0.0,0.0,0.0,0.0,0.0,0.0,0.0,0.0,0.0,0.0,0.0,0.0,0.0,0.0,0.0,0.0,0.0,0.0,0.0,0.0,0.0,0.0,0.0,0.0,0.0,0.0,0.0,0.0,0.0,0.0,0.0,0.0,0.0,0.0,0.0,0.0,0.0,0.0,0.0,0.0,0.0,0.0,0.0,0.0,0.0,0.0,0.0,0.0,0.0,0.0,0.0,0.0,0.0,0.0,0.0,0.0,0.0,0.0,0.0,0.0,0.0,0.0,0.0,0.0,0.0,0.0,0.0,0.0,0.0,0.0,0.0,0.0,0.0,0.0,0.0,0.0,0.0,0.0,0.0,0.0,0.0,0.0,0.0,0.0,0.0,0.0,0.0,0.0,0.0,0.0,0.0,0.0,2.0,0.0,0.0,0.0,0.0,0.0,0.0,0.0,0.0,0.0,0.0,0.0,5.591398000000001,4.3333335,0.0,0.0,0.0,0.0,0.0,0.8367370999999999,0.0,0
Tom27,4,2021-12-15 07:27:58,1.9166666666666667,9.166666666666666,2021-12-15 07:29:53,4.0,211000000000000.0,282958,108.956778,388.9,34.209542,M2012K11C,11,Redmi,999,0.0430708079999999,0.12921242,9.849755,31.725,-10.14375,-43.800003,258.46826,-0.64485097,0.2865724,-0.0015271179999999,-7.64e-05,-0.000916271,615.1,0.0,0.0,5.0,0,0,0.04689806,0.11457643,9.805867999999998,-0.003861893,0.014404558,0.005313873,0.005496259,0.0027770409999999,0.7745621,-32.550003000000004,31.050001,13.106251,0.0060504,-0.001799467,0.09926482,0.005421269,0.0023670329999999,0.0133622839999999,0,0,0,29992.0,0.0,0.0,0.005651948,0.003911519,0.79969573,0.0,0.0,0.0,0.0,0.0,0.0,0.0,0.0,0.0,0.0,0.0,0.0,0.0430708079999999,0.12921242,9.849755,569.15,569.15,3098.0,0.0,0.0,0.0,0.0,0.0,0.0,0.0,0.0,0.0,0.0,0.0,0.0,0.0,0.0,0.0,0.0,0.0,0.0,0.0,0.0,0.0,970.2587,0.0,0.0,0.0,0.0,0.0,0.0,0.0,0.0,0.0,0.0,0.0,0.0,0.0,0.0,0.0,0.0,0.0,0.0,0.0,0.0,0.0,0.0,0.0,0.0,0.0,0.0,0.0,0.0,0.0,0.0,0.0,0.0,0.0,0.0,0.0,0.0,0.0,0.0,0.0,0.0,0.0,0.0,0.0,0.0,0.0,0.0,0.0,0.0,0.0,0.0,0.0,0.0,0.0,0.0,0.0,0.0,0.0,0.0,0.0,0.0,0.0,0.0,0.0,0.0,0.0,0.0,0.0,0.0,0.0,0.0,0.0,0.0,0.0,0.0,0.0,0.0,0.0,0.0,0.0,0.0,0.0,0.0,0.0,0.0,0.0,0.0,0.0,0.0,0.0,0.0,0.0,0.0,0.0,0.0,0.0,0.0,0.0,0.0,0.0,0.0,0.0,0.0,0.0,0.0,0.0,0.0,0.0,0.0,0.0,0.0,0.0,0.0,0.0,0.0,0.0,0.0,0.0,0.0,0.0,0.0,0.0,0.0,0.0,0.0,0.0,0.0,0.44086578,0.0,0
Tom27,1,2021-12-15 11:07:00,2.0,217.11666666666667,2021-12-15 11:09:00,1.0,211000000000000.0,261324,108.955619,404.9,34.211092,M2012K11C,11,Redmi,¶àÔÆ,-1.0283155000000002,3.7719858,9.6427765,35.268753000000004,-20.90625,-33.24375,266.38934,-26.902536,-8.758949000000001,-0.10544751,-0.24640052,-0.50799584,38.3,0.0,0.0,5.0,0,0,-1.493335,4.3855076,8.643359,0.10560346,0.6065202,-0.36546993,0.10461434,0.21992536,0.69480485,-45.54375,16.575,16.95,0.13958055,0.19957104,0.57318413,-0.10193513,-0.24296449,-0.4945572,0,0,0,26977.0,0.0,0.0,0.14502428,0.23260058,0.6779095,0.0,0.0,0.0,0.0,0.0,0.0,0.0,0.0,0.0,0.0,0.0,0.0,-2.5956144,4.5930233,8.210971,40.2,40.2,219.5,0.0,0.0,0.0,0.0,0.0,0.0,0.0,0.0,0.0,0.0,0.0,0.0,0.0,0.0,0.0,0.0,0.0,0.0,0.0,0.0,0.0,971.69995,0.0,0.0,0.0,0.0,0.0,0.0,0.0,0.0,0.0,0.0,0.0,0.0,0.0,0.0,0.0,0.0,0.0,0.0,0.0,0.0,0.0,0.0,0.0,0.0,0.0,0.0,0.0,0.0,0.0,0.0,0.0,0.0,0.0,0.0,0.0,0.0,0.0,0.0,0.0,0.0,0.0,0.0,0.0,0.0,0.0,0.0,0.0,0.0,0.0,0.0,0.0,0.0,0.0,0.0,0.0,0.0,0.0,0.0,0.0,0.0,0.0,0.0,0.0,0.0,0.0,0.0,0.0,0.0,0.0,0.0,0.0,0.0,0.0,0.0,0.0,0.0,0.0,0.0,0.0,0.0,0.0,0.0,0.0,0.0,0.0,0.0,0.0,0.0,0.0,0.0,0.0,0.0,0.0,0.0,0.0,0.0,0.0,0.0,0.0,0.0,0.0,0.0,0.0,0.0,0.0,0.0,0.0,0.0,0.0,0.0,0.0,0.0,0.0,0.0,0.0,0.0,0.0,0.0,0.0,1.2903225,1.0,0.0,0.0,0.0,0.0,0.0,0.8582257999999999,0.0,0
Tom27,5,2021-12-15 12:17:43,1087.2833333333333,68.71666666666667,2021-12-16 06:25:00,1.0,211000000000000.0,266462,108.960901,413.2,34.210175,M2012K11C,11,Redmi,¶àÔÆ,-0.0634098,0.35563326,9.983753,23.925001,3.2062502,-11.2875,273.59006,-6.193276999999999,-0.0047915909999999,0.09353599,0.2810661,-0.004963134,227.7,0.0,0.0,5.0,0,0,0.0268419529999999,0.9748116,9.758043,0.37816936,-0.6135299,0.60019207,0.03934726,0.037013244,0.68360907,-36.2625,29.41875,34.66875,0.02806867,0.04111459,0.8400544,0.103691325,0.2817533,0.0089336409999999,0,0,0,27796.0,0.0,0.0,0.047574542,-0.042847257,0.70758194,0.0,0.0,0.0,0.0,0.0,0.0,0.0,0.0,0.0,0.0,0.0,0.0,-0.0634098,0.35563326,9.983753,230.29999,230.29999,1353.5,0.0,0.0,0.0,0.0,0.0,0.0,0.0,0.0,0.0,0.0,0.0,0.0,0.0,0.0,0.0,0.0,0.0,0.0,0.0,0.0,0.0,970.6125,0.0,0.0,0.0,0.0,0.0,0.0,0.0,0.0,0.0,0.0,0.0,0.0,0.0,0.0,0.0,0.0,0.0,0.0,0.0,0.0,0.0,0.0,0.0,0.0,0.0,0.0,0.0,0.0,0.0,0.0,0.0,0.0,0.0,0.0,0.0,0.0,0.0,0.0,0.0,0.0,0.0,0.0,0.0,0.0,0.0,0.0,0.0,0.0,0.0,0.0,0.0,0.0,0.0,0.0,0.0,0.0,0.0,0.0,0.0,0.0,0.0,0.0,0.0,0.0,0.0,0.0,0.0,0.0,0.0,0.0,0.0,0.0,0.0,0.0,0.0,0.0,0.0,0.0,0.0,0.0,0.0,0.0,0.0,0.0,0.0,0.0,0.0,0.0,0.0,0.0,0.0,0.0,0.0,0.0,0.0,0.0,0.0,0.0,0.0,0.0,0.0,0.0,0.0,0.0,0.0,0.0,0.0,0.0,0.0,0.0,0.0,0.0,0.0,0.0,0.0,0.0,0.0,0.0,0.0,4.301075,3.3333333,0.0,0.0,0.0,0.0,0.0,0.8575450000000001,0.0,0
Tom27,7,2021-12-16 07:27:00,2.0,62.0,2021-12-16 07:29:00,1.0,211000000000000.0,288957,108.959158,391.41,34.21088,M2012K11C,11,Redmi,?,9.112467,-9.838689,0.61734825,-47.006252,-2.5875,15.58125,55.282562,84.471085,43.78664,0.028328042,0.7149967,2.850977,0.39999998,0.0,0.0,0.0,0,0,6.7859564,-7.0466957,0.6821077,-4.8612485,-1.1120124,-0.006744146,-0.68059975,0.044790056,-0.540755,-112.162506,39.506252,70.78125,0.12832692,-0.66989124,0.61278033,0.033596598,0.71805096,2.8632703,0,0,0,31626.0,0.0,0.0,-0.63036865,0.1927968,-0.5554395,1.0,0.0,0.0,1.0,0.0,0.0,0.0,0.0,0.0,0.0,0.0,0.0,9.112467,-9.838689,0.61734825,1.7,1.7,5.5,,,,0.0,0.0,0.0,0.0,0.0,0.0,0.0,0.0,0.0,,,,,,,,,,976.9775,0.0,0.0,1.0,0.0,0.0,,,,,,,,,,,,,,,,,,,,,,,,,,,,,,,,,,,,,,,,,,,,,,,,,,,,,,,,,,,,,,,,,,,,,,,,,,,,,,,,,,,,,,,,,,,,,,,,,,,,,,,2.0,0.0,0.0,0.0,0.0,0.0,,,,,,,1.2903225,1.0,0.0,,,,4.0,0.8539491,0.0,0
Tom27,1,2021-12-16 08:00:00,2.0,31.0,2021-12-16 08:02:00,2.0,211000000000000.0,293769,108.954952,408.95,34.208331,M2012K11C,11,Redmi,?,-0.04755735,0.115752794,9.850055,-22.875,-21.393751,-36.0,132.65738,-0.62475234,-0.30786824,0.000763559,0.002061609,-7.64e-05,323.4,0.0,0.0,5.0,0,0,-0.052693956,0.1069279,9.805924,0.005493756,-0.008328356,-0.00042057,0.00464947,-0.003914594,-0.9158527,-88.668755,32.756252,42.768753,0.003020423,0.005274341,0.55871624,0.006261184,0.004963134,0.012904149,0,0,0,32294.0,0.0,0.0,0.004547583,-0.003755967,-0.914103,1.0,0.0,0.0,0.0,0.0,0.0,0.0,0.0,0.0,0.0,0.0,0.0,-0.04755735,0.115752794,9.850055,341.0,341.0,1801.5,,,,0.0,0.0,0.0,0.0,0.0,0.0,0.0,0.0,0.0,,,,,,,,,,976.9975,0.0,0.0,0.0,0.0,0.0,,,,,,,,,,,,,,,,,,,,,,,,,,,,,,,,,,,,,,,,,,,,,,,,,,,,,,,,,,,,,,,,,,,,,,,,,,,,,,,,,,,,,,,,,,,,,,,,,,,,,,,0.0,0.0,0.0,0.0,0.0,0.0,,,,,,,0.0,0.0,0.0,,,,0.0,0.8728354,0.0,0
Tom27,7,2021-12-17 06:48:00,2.0,1366.0,2021-12-17 06:50:00,1.0,211000000000000.0,369000,108.960215,394.25,34.209648,M2012K11C,11,Redmi,999,12.320943,-1.2065809,4.0145583,-43.3875,35.04375,-16.59375,329.1143,46.747005,76.6865,0.338333,0.17447324,-0.057037864,5.5,0.0,0.0,5.0,0,0,9.426587,0.6363134,2.6277277,2.483862,-0.25643077,1.8761041,-0.14828497,-0.63175595,-0.045524955,-121.6125,50.025,44.5125,0.27033126,-0.54124314,0.30699608,0.34673217,0.1771457,-0.038559735,0,0,0,37408.0,0.0,0.0,-0.012031366,-0.5758635,-0.057446983,1.0,0.0,0.0,1.0,0.0,0.0,0.0,0.0,0.0,0.0,0.0,0.0,12.320943,-1.2065809,4.0145583,5.45,5.45,12.0,,,,0.0,0.0,0.0,0.0,0.0,0.0,0.0,0.0,0.0,,,,,,,,,,982.865,0.0,0.0,1.0,0.0,0.0,,,,,,,,,,,,,,,,,,,,,,,,,,,,,,,,,,,,,,,,,,,,,,,,,,,,,,,,,,,,,,,,,,,,,,,,,,,,,,,,,,,,,,,,,,,,,,,,,,,,,,,2.0,0.0,0.0,0.0,0.0,0.0,,,,,,,0.0,0.0,0.0,,,,4.0,0.7715224,0.0,0
Tom27,9,2021-12-17 06:51:00,0.0,1.0,2021-12-17 06:51:00,1.0,211000000000000.0,369888,108.959099,389.07,34.20994,M2012K11C,11,Redmi,999,-0.45702913,4.0995035,6.6652074,12.075001,-20.34375,-38.25,230.96248,-22.139503,-4.1452246,0.18195613,0.9581139,-0.24693501,60.899998,0.0,0.0,5.0,0,0,-2.5334213,4.0432644,8.567623,3.035622,0.12641382,-0.3061552,0.05050842,0.18848325,0.88236326,-49.537502,-6.6000004,29.1375,0.15273458,0.19961193,0.33909106,0.19035527,0.9607864,-0.22845687,0,0,0,37655.0,0.0,0.0,0.122730285,0.18303138,0.8128468,1.0,0.0,0.0,0.0,0.0,0.0,0.0,0.0,0.0,0.0,0.0,0.0,-0.45702913,4.0995035,6.6652074,62.25,62.25,315.5,,,,0.0,0.0,0.0,0.0,0.0,0.0,0.0,0.0,0.0,,,,,,,,,,982.71375,0.0,0.0,1.0,0.0,0.0,,,,,,,,,,,,,,,,,,,,,,,,,,,,,,,,,,,,,,,,,,,,,,,,,,,,,,,,,,,,,,,,,,,,,,,,,,,,,,,,,,,,,,,,,,,,,,,,,,,,,,,1.0,0.0,0.0,0.0,0.0,0.0,,,,,,,2.1505375,1.6666666,0.0,,,,4.0,0.983799,0.0,0
Tom27,3,2021-12-17 09:08:00,2.0,137.0,2021-12-17 09:10:00,3.0,211000000000000.0,379354,108.959091,395.48,34.211053,M2012K11C,11,Redmi,999,0.5665008,7.728518,5.9452667,9.58125,-20.625,-27.73125,305.00476,-52.370686,3.311464,0.000839915,-0.001603474,-0.002596101,4.7999997,0.0,0.0,5.0,0,0,0.5664693,7.753677,5.977457,0.011565745,-0.00090313,0.013534546,0.40323347,0.18065792,0.42546368,-59.906254,-4.59375,39.975002,0.352564,0.26633278,0.5914497,0.007788302,0.001145339,0.015729317,0,0,0,39809.0,0.0,0.0,0.40745252,0.17033309,0.40642163,0.0,0.0,0.0,0.0,0.0,0.0,0.0,0.0,0.0,0.0,0.0,0.0,0.5665008,7.728518,5.9452667,4.1000004,4.1000004,11.0,,,,0.0,0.0,0.0,0.0,0.0,0.0,0.0,0.0,0.0,,,,,,,,,,982.70746,0.0,0.0,0.0,0.0,0.0,,,,,,,,,,,,,,,,,,,,,,,,,,,,,,,,,,,,,,,,,,,,,,,,,,,,,,,,,,,,,,,,,,,,,,,,,,,,,,,,,,,,,,,,,,,,,,,,,,,,,,,0.0,0.0,0.0,0.0,0.0,0.0,,,,,,,2.580645,2.0,0.0,,,,0.0,0.85192084,0.0,0
Tom27,5,2021-12-18 01:08:00,2.0,958.0,2021-12-18 01:10:00,1.0,211000000000000.0,399104,108.960405,404.9,34.209423,M2012K11C,11,Redmi,¶àÔÆ,1.0833503999999998,4.041477700000001,8.836993,18.0375,3.0,-27.993752,303.67014,-24.330442,6.244845,0.003665084,0.011300675,0.009926268,130.3,0.0,0.0,5.0,0,0,1.0667423,4.0163507,8.882644,-0.042478323,0.002276897,-0.009273529,0.21063639,0.052378323,0.47084612,-56.98125,16.275002,16.987501,0.18329963,0.11624295,0.71688515,0.010766183,0.014507622,0.026953636,0,0,0,1274.0,0.0,0.0,0.21030886,0.052713774,0.47100228,0.0,0.0,0.0,0.0,0.0,0.0,0.0,0.0,0.0,0.0,0.0,0.0,1.0833503999999998,4.041477700000001,8.836993,125.7,125.7,685.5,0.0,0.0,0.0,0.0,0.0,0.0,0.0,0.0,0.0,0.0,0.0,0.0,0.0,0.0,0.0,0.0,0.0,0.0,0.0,0.0,0.0,979.39246,0.0,0.0,0.0,0.0,0.0,0.0,0.0,0.0,0.0,0.0,0.0,0.0,0.0,0.0,0.0,0.0,0.0,0.0,0.0,0.0,0.0,0.0,0.0,0.0,0.0,0.0,0.0,0.0,0.0,0.0,0.0,0.0,0.0,0.0,0.0,0.0,0.0,0.0,0.0,0.0,0.0,0.0,0.0,0.0,0.0,0.0,0.0,0.0,0.0,0.0,0.0,0.0,0.0,0.0,0.0,0.0,0.0,0.0,0.0,0.0,0.0,0.0,0.0,0.0,0.0,0.0,0.0,0.0,0.0,0.0,0.0,0.0,0.0,0.0,0.0,0.0,0.0,0.0,0.0,0.0,0.0,0.0,0.0,0.0,0.0,0.0,0.0,0.0,0.0,0.0,0.0,0.0,0.0,0.0,0.0,0.0,0.0,0.0,0.0,0.0,0.0,0.0,0.0,0.0,0.0,0.0,0.0,0.0,0.0,0.0,0.0,0.0,0.0,0.0,0.0,0.0,0.0,0.0,0.0,16.774193,13.0,0.0,0.0,0.0,0.0,0.0,0.86611,0.0,0
Tom27,8,2021-12-18 01:13:25,1.9166666666666667,3.4166666666666665,2021-12-18 01:15:20,1.0,211000000000000.0,399955,108.960397,404.9,34.209427000000005,M2012K11C,11,Redmi,¶àÔÆ,-0.6538388,6.4995046,7.3899336,-2.11875,30.806252,-62.98125,9.688965,-36.90808,-1.3916959999999998,0.12430742,0.029473381,0.1750841,418.19998,0.0,0.0,5.0,0,0,-0.23817696,5.8874803,7.839084,-0.7930401,0.29236603,-0.6495757,0.31636268,-0.0152517289999999,-0.08393341,-71.043755,26.625002,9.0375,0.28106382,0.14601748,0.40289977,0.13140851,0.03260397,0.19218782,0,0,0,1465.0,0.0,0.0,0.329357,0.029042272,-0.05013748,0.0,0.0,0.0,0.0,0.0,0.0,0.0,0.0,0.0,0.0,0.0,0.0,-0.6538388,6.4995046,7.3899336,411.95,411.95,2288.5,0.0,0.0,0.0,0.0,0.0,0.0,0.0,0.0,0.0,0.0,0.0,0.0,0.0,0.0,0.0,0.0,0.0,0.0,0.0,0.0,0.0,979.6225,0.0,0.0,0.0,0.0,0.0,0.0,0.0,0.0,0.0,0.0,0.0,0.0,0.0,0.0,0.0,0.0,0.0,0.0,0.0,0.0,0.0,0.0,0.0,0.0,0.0,0.0,0.0,0.0,0.0,0.0,0.0,0.0,0.0,0.0,0.0,0.0,0.0,0.0,0.0,0.0,0.0,0.0,0.0,0.0,0.0,0.0,0.0,0.0,0.0,0.0,0.0,0.0,0.0,0.0,0.0,0.0,0.0,0.0,0.0,0.0,0.0,0.0,0.0,0.0,0.0,0.0,0.0,0.0,0.0,0.0,0.0,0.0,0.0,0.0,0.0,0.0,0.0,0.0,0.0,0.0,0.0,0.0,0.0,0.0,0.0,0.0,0.0,0.0,0.0,0.0,0.0,0.0,0.0,0.0,0.0,0.0,0.0,0.0,0.0,0.0,0.0,0.0,0.0,0.0,0.0,0.0,0.0,1.0,0.0,0.0,0.0,0.0,0.0,0.0,0.0,0.0,0.0,0.0,0.0,33.11828,25.666666,0.0,0.0,0.0,0.0,0.0,0.7991796999999999,0.0,0
Tom27,3,2021-12-18 08:48:15,2.0166666666666666,452.9166666666667,2021-12-18 08:50:16,3.0,211000000000000.0,408760,108.95907,404.9,34.211119000000004,M2012K11C,11,Redmi,¶àÔÆ,0.076570325,0.07686943,9.839287,-30.393751,5.4375,-15.675,79.874176,-2.00878,0.60764986,-0.0007635589999999,0.000534491,-0.000458135,12.599999,0.0,0.0,5.0,0,0,0.08576287,0.19283618,9.804379,-0.0118835939999999,-0.111994706,0.08380985,0.010036643,-0.015317761,-0.6417672,-79.275,38.662502,40.59375,0.009233803,0.005526043,0.8178575,0.00633754,0.00297788,0.015194826,0,0,0,3844.0,0.0,0.0,0.000569309,-0.005461011,-0.6368775,1.0,0.0,0.0,0.0,0.0,0.0,0.0,0.0,0.0,0.0,0.0,0.0,0.076570325,0.07686943,9.839287,12.65,12.65,63.0,0.0,0.0,0.0,0.0,0.0,0.0,0.0,0.0,0.0,0.0,0.0,0.0,0.0,0.0,0.0,0.0,0.0,0.0,0.0,0.0,0.0,976.71875,0.0,0.0,0.0,0.0,0.0,0.0,0.0,0.0,0.0,0.0,0.0,0.0,0.0,0.0,0.0,0.0,0.0,0.0,0.0,0.0,0.0,0.0,0.0,0.0,0.0,0.0,0.0,0.0,0.0,0.0,0.0,0.0,0.0,0.0,0.0,0.0,0.0,0.0,0.0,0.0,0.0,0.0,0.0,0.0,0.0,0.0,0.0,0.0,0.0,0.0,0.0,0.0,0.0,0.0,0.0,0.0,0.0,0.0,0.0,0.0,0.0,0.0,0.0,0.0,0.0,0.0,0.0,0.0,0.0,0.0,0.0,0.0,0.0,0.0,0.0,0.0,0.0,0.0,0.0,0.0,0.0,0.0,0.0,0.0,0.0,0.0,0.0,0.0,0.0,0.0,0.0,0.0,0.0,0.0,0.0,0.0,0.0,0.0,0.0,0.0,0.0,0.0,0.0,0.0,0.0,0.0,0.0,0.0,0.0,0.0,0.0,0.0,0.0,0.0,0.0,0.0,0.0,0.0,0.0,0.0,0.0,0.0,0.0,0.0,0.0,0.0,0.7899892,0.0,0
Tom27,7,2021-12-18 12:50:06,2.0,239.83333333333334,2021-12-18 12:52:06,1.0,211000000000000.0,398105,108.959634,404.9,34.210752,M2012K11C,11,Redmi,¶àÔÆ,9.336494,-7.375277499999999,-0.8539386,-42.675003,-3.4875002,5.775,95.598785,26.20724,71.57625999999999,-1.0957073,-0.216469,0.8076164,996.3,0.0,0.0,5.0,0,0,9.304012,-1.3687162,2.7807126,-3.4666939,-4.2668870000000005,-4.64812,-0.5454654999999999,-0.24635437,-0.674334,-122.34376,18.91875,59.850002,0.33644396,-0.49500358,0.541963,-1.0875372,-0.21356747,0.8251019,0,0,0,953.0,0.0,0.0,-0.72394425,0.07615096,-0.57836545,0.0,0.0,0.0,1.0,0.0,0.0,0.0,0.0,0.0,0.0,0.0,0.0,9.336494,-7.375277499999999,-0.8539386,833.8,833.8,8420.5,0.0,0.0,0.0,0.0,0.0,0.0,0.0,0.0,0.0,0.0,0.0,0.0,0.0,0.0,0.0,0.0,0.0,0.0,0.0,0.0,0.0,979.915,0.0,0.0,1.0,0.0,0.0,0.0,0.0,0.0,0.0,0.0,0.0,0.0,0.0,0.0,0.0,0.0,0.0,0.0,0.0,0.0,0.0,0.0,0.0,0.0,0.0,0.0,0.0,0.0,0.0,0.0,0.0,0.0,0.0,0.0,0.0,0.0,0.0,0.0,0.0,0.0,0.0,0.0,0.0,0.0,0.0,0.0,0.0,0.0,0.0,0.0,0.0,0.0,0.0,0.0,0.0,0.0,0.0,0.0,0.0,0.0,0.0,0.0,0.0,0.0,0.0,0.0,0.0,0.0,0.0,0.0,0.0,0.0,0.0,0.0,0.0,0.0,0.0,0.0,0.0,0.0,0.0,0.0,0.0,0.0,0.0,0.0,0.0,0.0,0.0,0.0,0.0,0.0,0.0,0.0,0.0,0.0,0.0,0.0,0.0,0.0,0.0,0.0,0.0,0.0,0.0,0.0,0.0,2.0,0.0,0.0,0.0,0.0,0.0,0.0,0.0,0.0,0.0,0.0,0.0,590.1075400000001,457.33334,0.0,0.0,0.0,0.0,0.0,0.8103238,0.0,0
Tom27,3,2021-12-20 09:18:55,1.25,2666.8166666666666,2021-12-20 09:20:10,3.0,211000000000000.0,450280,108.959278,5e-324,34.210836,M2012K11C,11,Redmi,Ð¡Óê,-0.11156536,1.3163515,9.983155,7.74375,-4.4812503,-40.518753,347.04807,-13.243352,-5.543165,0.022372281,-0.530979,0.031687703,37.8,0.0,0.0,5.0,0,0,-0.15260237,2.1281232999999995,9.57174,-0.9758429,-0.80109406,0.15430164,0.10902581,0.060715858,0.10636264,-40.40625,25.125002,11.400001,0.07703474,0.077735275,0.6541821999999999,0.029931515,-0.53136075,0.04512634,0,0,0,7341.0,0.0,0.0,0.11001613,0.04607142,-0.0760238,0.0,0.0,0.0,0.0,0.0,0.0,0.0,0.0,0.0,0.0,0.0,0.0,-0.11156536,1.3163515,9.983155,34.5,34.5,292.5,0.0,0.0,0.0,0.0,0.0,0.0,0.0,0.0,0.0,0.0,0.0,0.0,0.0,0.0,0.0,0.0,0.0,0.0,0.0,0.0,0.0,970.9262,0.0,0.0,0.0,0.0,0.0,0.0,0.0,0.0,0.0,0.0,0.0,0.0,0.0,0.0,0.0,0.0,0.0,0.0,0.0,0.0,0.0,0.0,0.0,0.0,0.0,0.0,0.0,0.0,0.0,0.0,0.0,0.0,0.0,0.0,0.0,0.0,0.0,0.0,0.0,0.0,0.0,0.0,0.0,0.0,0.0,0.0,0.0,0.0,0.0,0.0,0.0,0.0,0.0,0.0,0.0,0.0,0.0,0.0,0.0,0.0,0.0,0.0,0.0,0.0,0.0,0.0,0.0,0.0,0.0,0.0,0.0,0.0,0.0,0.0,0.0,0.0,0.0,0.0,0.0,0.0,0.0,0.0,0.0,0.0,0.0,0.0,0.0,0.0,0.0,0.0,0.0,0.0,0.0,0.0,0.0,0.0,0.0,0.0,0.0,0.0,0.0,0.0,0.0,0.0,0.0,0.0,0.0,0.0,0.0,0.0,0.0,0.0,0.0,0.0,0.0,0.0,0.0,0.0,0.0,5.16129,4.0,0.0,0.0,0.0,0.0,0.0,0.85859674,0.0,0
Tom27,5,2021-12-20 12:18:08,1158.1333333333334,177.96666666666667,2021-12-21 07:36:16,2.0,211000000000000.0,457666,108.960993,404.9,34.210175,M2012K11C,11,Redmi,Çç,4.272684,-0.7926225,8.671588999999999,-39.5625,-1.1812501,-38.625,84.65637,-17.3354,19.926924,-0.5605286999999999,-4.549590599999999,2.2862487,90.299995,0.0,0.0,5.0,0,0,9.484538,-0.8441601999999999,2.345486,-6.504771,5.352879,1.9776096,-0.005442255,-0.22640257,-0.636369,-71.11875,31.575,14.75625,0.17467628,-0.5915249,0.28897178,-0.5522823,-4.5473,2.3006034,0,0,0,7939.0,0.0,0.0,0.34188458,-0.23162064,-0.43257108,1.0,0.0,0.0,0.0,0.0,0.0,0.0,0.0,0.0,0.0,0.0,0.0,4.272684,-0.7926225,8.671588999999999,121.6,121.6,940.0,0.0,0.0,0.0,0.0,0.0,0.0,0.0,0.0,0.0,0.0,0.0,0.0,0.0,0.0,0.0,0.0,0.0,0.0,0.0,0.0,0.0,968.7575,0.0,0.0,0.0,0.0,0.0,0.0,0.0,0.0,0.0,0.0,0.0,0.0,0.0,0.0,0.0,0.0,0.0,0.0,0.0,0.0,0.0,0.0,0.0,0.0,0.0,0.0,0.0,0.0,0.0,0.0,0.0,0.0,0.0,0.0,0.0,0.0,0.0,0.0,0.0,0.0,0.0,0.0,0.0,0.0,0.0,0.0,0.0,0.0,0.0,0.0,0.0,0.0,0.0,0.0,0.0,0.0,0.0,0.0,0.0,0.0,0.0,0.0,0.0,0.0,0.0,0.0,0.0,0.0,0.0,0.0,0.0,0.0,0.0,0.0,0.0,0.0,0.0,0.0,0.0,0.0,0.0,0.0,0.0,0.0,0.0,0.0,0.0,0.0,0.0,0.0,0.0,0.0,0.0,0.0,0.0,0.0,0.0,0.0,0.0,0.0,0.0,0.0,0.0,0.0,0.0,0.0,0.0,1.0,0.0,0.0,0.0,0.0,0.0,0.0,0.0,0.0,0.0,0.0,0.0,20.215054,15.666667000000002,0.0,0.0,0.0,0.0,4.0,0.59794813,0.0,0
